{
  "stiffness-matrix": [
    [
      199592.31799999997,
      -26296.159,
      -52592.319,
      -26296.159,
      52592.319
    ],
    [
      -26296.159,
      199592.318,
      0.0,
      -147000.0,
      0.0
    ],
    [
      -52592.319,
      0.0,
      210369.276,
      0.0,
      0.0
    ],
    [
      -26296.159,
      -147000.0,
      0.0,
      173296.15899999999,
      -52592.319
    ],
    [
      52592.319,
      0.0,
      0.0,
      -52592.319,
      105184.638
    ]
  ],
  "force-vector": [
    0.0,
    0.0,
    0.0,
    100000.0,
    0.0
  ],
  "zero-dofs": [
    0,
    1,
    2,
    4,
    5,
    8,
    11
  ]
}