{
  "displacements": [
    0.0,
    0.0,
    0.0,
    0.0,
    -0.0,
    -3.06484,
    0.0,
    0.0,
    0.0,
    -0.0,
    -0.0,
    -3.06484,
    -0.0,
    -0.0,
    -6.12968,
    -0.0,
    -0.0,
    -3.06484,
    0.0,
    0.0,
    0.0,
    -0.0,
    -0.0,
    -3.06484,
    0.0,
    0.0,
    0.0,
    0.70862,
    0.70862,
    -3.06484,
    -0.70862,
    0.70862,
    -3.06484,
    0.70862,
    -0.70862,
    -3.06484,
    -0.70862,
    -0.70862,
    -3.06484
  ],
  "reaction-forces": [
    20833.33333,
    20833.33333,
    25000.0,
    0.0,
    -0.0,
    0.0,
    -20833.33333,
    20833.33333,
    25000.0,
    0.0,
    0.0,
    -0.0,
    0.0,
    0.0,
    0.0,
    -0.0,
    0.0,
    0.0,
    20833.33333,
    -20833.33333,
    25000.0,
    0.0,
    -0.0,
    -0.0,
    -20833.33333,
    -20833.33333,
    25000.0,
    -0.0,
    0.0,
    0.0,
    0.0,
    0.0,
    0.0,
    -0.0,
    -0.0,
    0.0,
    0.0,
    -0.0,
    0.0
  ]
}